x,y,value
16.810647956263487,2.5795440294030243,-0.04214673770339572
8.121717407032323,-2.4108324970703663,-0.5438880874064745
9.981131788056475,-0.9506586254958567,0.21566665922459588
15.567871075212839,-1.9668727392107255,-0.2919444077789625
9.270237560123293,0.8338203945503118,0.4240985003970536
18.116314146504372,0.046868558173902564,0.5039311218892639
5.277675810193928,2.5580420415722394,-0.21443817568292767
12.176564431844298,-2.4949365863755943,-0.5356209925316134
18.149798247348922,4.827854760376532,2.840093899227937
16.109453337930088,4.021659504395828,0.8056343641794788
5.858025171046319,2.298317482601286,-0.12653000882750254
17.926184903343866,1.8398393191544127,0.14413358182474523
9.178925666780623,-3.992987919316342,-0.06480574774003778
8.400522626802566,1.1088697344380165,0.3431901071893897
18.216726591376915,4.666063677707587,2.300193668241986
9.278700419330699,3.6530992777164,0.3074700184142259
4.840092363035168,3.0502782701302227,-0.2294872984847907
10.74833572862958,-4.8595829983598104,1.9707417323692848
14.25394607128106,-1.0117645777573125,0.2044839771247406
16.409322031538778,1.6815320123185087,0.19784084341077468
-0.4765722040542203,-0.06422133534675378,2.9932583631404093
17.28585689760201,-2.5608912311286804,-0.5520870456498748
6.166689436321496,3.7047123210865465,0.2692036322936102
3.4168753757990062,0.6751074062067186,0.10767178657837091
4.391626536612014,4.675402502901434,2.072939466502329
15.965179120237337,-0.5203042856442961,0.3937782441597055
1.1491392803269758,-1.7994539532745426,-0.5611519760773054
9.912783171671766,4.3283382422690675,1.3787656787120957
1.7356858415876255,0.5126724609055122,0.00951070002720238
13.984508902271237,0.4744091132842376,0.5005410497080377
16.19657069747239,0.4028360697032394,0.5073180533274595
19.258690192462918,1.0318562796138302,0.40366511866559984
11.546149815596445,-0.5501097372448385,0.37714522743884116
11.723880662453679,-1.1509885402733957,0.13330101422982316
11.300845790380215,-2.09670497597242,-0.3665008212842337
3.3825222353643007,-3.132704717444449,-0.9957725613360755
12.061850187306437,1.5665938898962883,0.23158281855767776
9.268885336192305,-4.1017563880440635,0.09562050066772149
15.030880400311954,3.7677037082277476,0.45435054139114
18.429310826898753,3.424602231401824,0.14713329904529965
17.91254898783652,4.230824398201769,1.1876233654027595
10.582298461435116,-1.087039497653751,0.15812528776828322
13.958309697015329,-2.2436587868787283,-0.4296001445115248
16.13838852441151,3.4948596518636705,0.19602105749152643
17.84829883224684,0.898011835311598,0.43595816053010517
18.970179901258472,0.796950107456059,0.45730328587674723
8.736543685938681,1.6024537862238901,0.19194474766076441
19.923285706748242,4.169412179474561,1.0664540114624064
15.763164224669595,-4.176270118033526,0.24345950210118872
12.0620536533346,-0.13555798030833177,0.4762622952500073
12.418020478435192,3.450775756715153,0.15961842260718961
4.482230252268053,2.3148922079084775,-0.24294800769625768
1.9012530107746186,-2.795394631321715,-1.108358370012167
15.788950920066807,-1.6746385078034454,-0.1349826686007018
16.22621847894002,-3.993924797839038,-0.037114111330291744
2.500349022702229,1.976706401912388,-0.3760980682485062
0.4272983912450532,0.7386603678916694,0.6827698739414275
18.155328301330314,0.34197968260723943,0.510661728464309
13.452077217526258,-4.733032053377948,1.565099773510859
12.517498153184894,1.063384177542189,0.3903370788982272
11.307035434646584,-1.0879059067717312,0.1618281047731729
7.0878687768713435,4.805166506472688,2.6846899578582577
0.24603677103545873,-4.7836349014497594,2.2137673671906786
19.20114124491203,-3.150280586025617,-0.6181725071688838
2.03985087070085,-2.8942349011335358,-1.122539762252887
15.91530510226071,4.369691586445807,1.4922411455277051
-0.03295719879250325,-0.7438116803318282,1.3735123901726523
1.58075449717048,-2.4008011020716804,-0.9669921653730762
4.027000061984506,1.4692571983532252,-0.025978303445673173
6.681026331628912,-3.1968209847031215,-0.7019599638611335
9.824548356802689,-4.6062129291530765,1.1781777815751684
1.5688854443738158,4.8823514872250104,2.5683313400620866
3.5867937045747906,-1.4144469868839815,-0.34356056936578483
14.497765277619893,3.3832656519341633,0.11936315654347263
18.328882270904295,-3.3057539390253234,-0.5834051740500232
13.289131553247579,4.665489030431832,2.2951775569026704
0.6900443484432226,1.7620178429937825,0.09883571324724677
16.831204170883137,-1.5768745892141602,-0.08140157744705412
4.639090455344789,0.9679139346941099,0.1884086249266267
8.567437690831119,-3.251805155485589,-0.6350399564554385
9.168321009473903,-0.9009460434244545,0.2280963427526506
11.166811160247745,0.08600130062633138,0.49695373446953806
5.88464302050424,-1.4284831740973711,-0.13408747105097318
16.67205407456407,-2.4906733517786295,-0.5286154457849798
10.992304486497241,-4.8756368117068565,2.028181095946642
14.702274736918604,-1.6408344552653942,-0.11731003880831209
0.4367781181525414,-2.1911683578165175,-0.20064032491735428
4.422673360440257,4.531293398277988,1.6522102643808374
6.720624011067902,-2.121220851436,-0.4590192094603252
6.8636245437018,4.469058356578911,1.65519383960501
12.491830971109678,1.2107684561866723,0.3484181536944595
14.170196681179855,-1.1198276468749437,0.15381110655621244
7.99556875968357,1.5083286226334502,0.2092797116529953
-0.46875345193723617,-3.076904587553242,1.8420311675530705
6.355234658581282,-2.6058403981404146,-0.6722412880424605
12.566687723150656,-1.2135192967690553,0.10508333976391371
17.44617953011685,0.6815142091019188,0.4774053991987857
7.995331132014709,-0.9773292488092045,0.17352258350009203
13.887507290640347,-0.8177344670753399,0.2872356412980011
13.075015723963258,-4.532203140432017,0.9978038178658103
8.629719889236013,-2.4077307655277727,-0.5325996318274375
2.7325747285073723,0.2757313016761467,0.05946830134687125
9.488944821915156,0.614049256144269,0.4643312011037185
14.987437728802991,3.8387515424870085,0.5409617983422825
9.63894474269338,-1.8794175358312701,-0.2663644009692834
9.071290824726733,3.090458573603623,-0.03521222914964672
17.43783479534556,3.1241493236375906,0.003072470876740674
3.354026528041974,4.994203594553303,3.097255323356101
12.478319578325157,-4.165329498242707,0.22043987911170504
14.373864286956904,4.868214802051282,2.9848687362313355
7.737244855357144,1.7851500524196826,0.10786292070263892
5.981631313037518,-2.864753379353039,-0.7468729626256585
14.205144937876263,-4.976424352806461,2.4067065295050583
16.365993915894023,0.2834597685979281,0.5115944609306726
1.504579006913516,-3.8109610521525417,-0.7151172354332218
12.809941210371148,3.7365382390034227,0.4159809719479158
5.239646238200888,4.7851518677339815,2.512278788580285
1.5537041258060351,3.5393810959733827,-0.23707977538544617
7.632271635283541,-4.186545832317659,0.20428429380452495
5.131633790094873,-0.47021815182085724,0.22224974737135655
15.74300138930587,3.613599036372362,0.29487100148254025
2.2351213611522556,0.20865528414198842,0.01833176417313242
12.841056382069613,-1.5294698540039855,-0.05955095101956975
17.373208632067016,-2.2159018478363945,-0.41476997010871197
-0.11922628531529877,-4.593367263247391,2.4399763128984717
13.460433787280486,0.5835573609704694,0.48839839712592514
18.90330236048492,4.384387997349187,1.5278729403634985
18.1519491368046,-4.579954680326588,1.1263999825600859
14.857263879512693,2.013248175948597,0.08621589052648765
12.934918225831955,2.1235765251624175,0.050264611831557116
18.00555808769628,1.4014119979322412,0.2933010651197041
7.1352098909312485,0.3792878373182056,0.43562911295558776
3.760804125661907,0.8712550469514344,0.11356007073482009
-0.31760981799388466,-3.489768261360122,1.3846794328907637
6.334871954612261,2.896231589257826,-0.15159307688280865
14.229238166816561,-1.6174402997332136,-0.10504595493677865
12.221031220489309,-4.587970504937907,1.1422574474429634
2.859141186349307,4.819140701253055,2.3703803706176743
5.435382499535272,-1.0520801701170934,0.02474595045206812
10.743928079736525,-2.065929985426634,-0.3541563229355948
9.30032571759593,-2.602939163613761,-0.5901465838138654
0.489255426910036,-3.2041315095844434,-0.4722552849522802
10.222529749852011,-4.291371159056525,0.44116646681872196
7.764967502124417,-1.714792899845131,-0.21025047062902635
8.00179298391457,-4.005996617612989,-0.06824366461153458
18.127479865134,-0.25995348862703604,0.46022958784465734
16.73739081886727,4.76229457649057,2.611998267461734
6.544857669984239,-0.20913480848013943,0.37261128688332873
13.841703468587678,-0.7346467645597174,0.3194102238450139
5.689013882496797,2.347509912186152,-0.1485871340605398
17.83519545339878,4.196888444316102,1.1195322131668322
12.34821195954078,-1.2442865367145473,0.089041197365335
19.47849069033373,1.3887851750047329,0.297613230507336
0.8496108841846699,-4.153304308798889,0.007640729469962748
14.872326221553262,-4.3884384345403395,0.6585044181862192
-0.33905439070933757,-1.0619204821829054,2.148775422458404
10.13957643837725,-0.5145571440344545,0.379496581349365
9.516685490756627,0.8488870199327438,0.42394780519902175
13.42570263112856,-0.7696192649257751,0.30548755393014726
7.050794854855731,4.884590580992894,2.9709411416873364
4.848788976648254,2.7710015450850953,-0.26278363671538346
8.340031004956906,-1.4147961799046103,-0.034850939433573536
0.809087953348488,3.6357894430204247,0.14786071284967206
13.891085070119711,4.030107075409271,0.8175824428896629
8.758041750080787,1.7692096681660354,0.13497086600017094
1.9376608743540422,-1.0204639839768657,-0.29680171934964955
3.7482554550501987,-4.57898572109338,0.7939288065306906
18.933207700754558,-2.8410563153464286,-0.6168272750521298
2.5002670410641166,-3.0202995644205775,-1.1034078310249473
7.2496552684430995,0.46391262315113657,0.4340765070853086
2.6023545536942665,4.886898889857566,2.5902210532340257
19.651278816178284,-3.5159798291397015,-0.4903053236597568
7.821091104942951,1.7992948311000223,0.10524718494102814
17.491959949472452,-0.04594075088811245,0.49455148374272034
18.29945679157621,-1.775396851186939,-0.18901143457219222
9.718038275560382,-0.013534081349910743,0.4777436496255968
13.236397101963531,-2.980086912005464,-0.6313684207653283
12.000297513543998,-2.8122690312784426,-0.6191123271789292
6.474516458546156,4.625664632546817,2.0760217686683884
17.929664779635655,3.1811838091779414,0.022740788142946278
0.2270993684582514,-3.5163311753807025,0.027498022074308404
4.766079197474028,2.8416656818915422,-0.2677272576553
16.767833205086028,0.8294818024622153,0.45039998727918484
14.221698861425002,3.0705537997507584,-0.014106716772276151
0.8603621862745974,-4.153568631669299,0.0007207097171291754
17.31235393708976,-4.605841706219712,1.1964796982202714
4.114358400368169,-4.5936797335409905,0.8766531201959934
-0.18665463062060056,3.4395468569240784,1.6258808189705962
6.277184528626646,-3.393099397372794,-0.6621902267279889
2.550799550922645,1.5608366177033695,-0.23096122093448862
19.356264569700496,0.04999692605678341,0.5043295747755479
17.9723547761221,0.024285989524274854,0.5019705673209949
11.26438578857676,1.7857135678935911,0.15315002040396314
16.00475477515881,2.5784638226138252,-0.04233131036254356
19.805917535464026,2.469653891501328,-0.02660718214508051
18.068504828733758,-2.938951679344167,-0.6264428672203224
10.476034238735911,0.9861426366746908,0.401135361930752
16.426780651787254,-0.17786436934083838,0.4751620420411387
15.716324340036458,-1.1143110984988578,0.15768225956298
11.520963339419717,3.5131660748106786,0.20232365505168964
15.860219157635246,1.5698455188613414,0.23600423843239543
-0.49506572123407866,-3.180310778137889,1.9662236636093746
9.890584630448117,-2.455406015166207,-0.5343139788441924
0.8452272870909807,3.5988342212146165,0.08776617656080848
18.830413936919843,-1.9719512185096635,-0.2936811562624429
7.865499931389646,3.100375338172869,-0.0554984919298655
0.7763045568600739,1.4098486256245026,0.14688924542947943
2.110076665122135,-2.129116600047748,-0.8715132706689609
16.513784075882324,-4.444729541103386,0.7871124470843216
0.23664358531887375,-0.8213395520370543,0.7894477808274432
9.58253466147341,3.633251831082008,0.291953440620873
14.202369300076384,1.7354380859953462,0.17780435619339452
2.6031623341956287,4.867059242186832,2.516551591451396
7.928374023893367,1.1177086432485996,0.33037352650312013
7.427001613431333,-4.529670841881596,0.9311626530969304
9.153228785485336,-3.4863224610516372,-0.5343339783375847
0.16554197866585174,1.1740042368100543,0.9930622503345103
12.41430896997588,-3.947071753436351,-0.1034412334692753
10.757447207751433,-1.533320233600317,-0.06967850974489775
7.359988499880192,2.7641989869967833,-0.11737120811022889
9.551553389247037,3.8127661541224143,0.4871400634901542
12.00745472957758,-0.3281158496192971,0.4391051534302155
12.462409121135384,-1.621346201712476,-0.11029533540352715
2.0486377468291748,1.8252961869252378,-0.35031980969078613
12.251767576306468,2.885664913738635,-0.050689686955249336
2.1057370614157302,4.117833181295222,0.4720942782922675
15.886494834147186,4.1688740809100935,1.0645893969468825
17.386961796356072,1.81006446357057,0.1540964125295161
16.11014241346586,0.1900730923140177,0.5109347668661541
15.602527561893634,-3.1087253214281496,-0.6240640006795424
15.533339180324532,-0.5542039594365935,0.38313237272104117
15.010632536595983,-0.4452976318781223,0.41478971811645904
15.685953929694556,-4.246604147814398,0.3700928720505057
0.41513856120045545,4.342895823715677,1.661421680643724
9.466384565349069,4.010713996489047,0.7653215488238371
18.868056663582436,1.6651115245563357,0.20402204289232478
11.22183493491623,-2.8402061589319083,-0.6263945471205561
1.4162624956296677,3.193942150822732,-0.41463317932603183
17.71982738645575,2.7939571069488567,-0.050988974125389
13.81929987099831,-0.7988888392517923,0.2946449335942455
5.758887595552606,-3.86555104362291,-0.33673800160338796
8.232390085479341,0.660129742477574,0.4377943487046825
18.419051954319006,4.357547693309531,1.4644692276354145
8.020644529088718,-4.007890119019043,-0.06517714086939863
15.36328401566459,2.3427934165711584,-0.003202360172642804
0.12936734201407596,-0.5328140086616351,1.0890895158141025
13.571571138120442,-4.698657654477301,1.4605217829795492
18.34528824473308,4.6224248651041915,2.1670856015662667
14.31212682782122,-4.214614603481962,0.31010485779328323
0.9417540504652917,-1.407466851787631,-0.24663536501583933
0.10223890901822208,-1.521222727156605,0.70197009237637
-0.29573305308419645,4.743235128409678,4.363133310239429
16.289637330911685,-4.294823885218126,0.463469586481515
17.815419382881135,-2.9202195999598435,-0.6252698626288469
3.6982113645216748,1.7375914552883405,-0.15698916241635608
18.734376497332235,-3.768118787707626,-0.29754453696781624
-0.3527163713284556,-1.3086985282997432,2.07629318116102
0.005325295941193353,1.0484823758053103,1.3633393677586643
17.113099976693782,-3.130082975771422,-0.6211415923240522
1.8040162345187731,-1.5555039266138913,-0.5639160076290682
19.163016172449932,-3.6984230557131594,-0.36053489330963223
19.31364483957337,-1.3776013005515075,0.02572795079986523
9.204093256582286,-2.0736801403502647,-0.3723985584640716
18.71110030641713,4.581478949874976,2.0468586546041507
12.53627198340874,-3.1595444982484446,-0.6217819392579513
19.855511666510886,-3.9741956045308804,-0.06290566563786554
11.407412322678647,-3.4359693991699123,-0.5412474073240651
17.902343940079216,4.4567839149561514,1.7071700882219731
15.990001109002211,-1.841085813318756,-0.2250715964835613
4.478193144138697,2.5485841321903777,-0.2856321237307701
5.4667201424797565,-0.802146221459247,0.134985731349554
0.4482413765041471,-3.6776618956619345,-0.19025414691246845
-0.0787327768435781,-4.220788799064642,1.493166025879518
1.000828561979647,-0.797682978258532,0.007807449059313465
10.790932141567476,2.4087881987092192,-0.027835640264679384
2.4168112137695283,-0.7781125383058116,-0.1768091031653508
12.55780376694027,-4.1544430518106745,0.20223269660376758
8.618628680497178,-1.3074396076020225,0.026567295810224045
18.953104543304068,-4.421428860989828,0.733818581314857
7.876837534254536,-0.8277452020379492,0.23427885240444812
14.427700344293399,-1.793289971254961,-0.20040299609255846
3.6818006568977966,-2.066883448336949,-0.6803919134318003
9.153194620211854,4.502683295716212,1.800354662812296
15.828598966647782,-2.2302975422025675,-0.4219529371325909
10.94272256205745,1.8820030356853321,0.11899049601495887
15.810971691483712,-0.5383561605015244,0.3882051418563981
7.674926555158972,2.6764074282127845,-0.1061194342142181
8.350188159064297,-2.520423311029949,-0.5792098196579429
8.795664146378277,4.371046462904561,1.463501284797912
2.422633508481327,-0.37564645472787905,-0.04740598119446662
12.56472224945752,-0.16712011731899779,0.47264400621076663
3.674618039592584,-4.981568393843341,2.089474849478917
13.8293300919705,1.1873551802345252,0.3579279826307077
-0.34057868656478385,-2.014398789818792,1.6552866125335468
15.257002320628251,1.289203785446209,0.32833860805715365
10.67676637685143,-3.437788901909511,-0.5443369440349322
13.979027881493613,-0.2856507828419632,0.4526937993188347
13.402664297837255,2.6008983672349215,-0.04705105624060435
4.263435789545525,2.6199501309771165,-0.3159184342342222
5.24181188611198,4.840151371182454,2.7063577425966288
1.9770480210826324,3.8371801874405644,0.04053134658609148
0.33121606338911214,-2.4342418165185595,-0.15774467735825293
10.285089129630602,0.8161618344459463,0.4379604867495864
7.622817193075889,-3.9796827177292893,-0.11379696701902436
4.678465759406622,-2.1660349613951135,-0.6185119600703348
14.982068518453996,4.08774325222007,0.9158763080076118
11.705903267471598,-4.645490343089725,1.300217487394804
15.74084766865506,-1.9439606716008004,-0.2798616253797037
6.467753331532991,0.3018543764541466,0.4106859966120228
4.605464475298879,4.199780878573696,0.8907484401243251
2.8528725459866644,-0.8516959949626726,-0.16366959862689134
5.4386849648977185,0.19834102201614634,0.34885435469687315
11.26662696318872,1.2713968910484263,0.32552938056980113
10.393203978678443,-0.8919549766440049,0.24434978871747384
12.509177253717553,-0.9658712341318241,0.22206536723690157
15.46028031060798,2.881774252549901,-0.04633966886625651
5.491210446271855,-1.2819567644422545,-0.08377595874504529
12.390623571911167,-3.4293003288434285,-0.5408776758495666
13.789154585231959,-1.1857224701928692,0.12120958290568545
11.616780732518643,-3.604669007687782,-0.441306570297647
13.199296914999977,-1.459421393863003,-0.02117838191361282
9.189644312248246,-0.8489259915046432,0.25011641974051313
9.27266258389944,1.9469563291644416,0.08299346442418759
6.023923625057598,1.5205448089854832,0.1290057011198979
0.7345532037438893,-1.998148475377901,-0.4174372767867625
14.776798648075939,-4.475941219379363,0.8602742026337235
12.233415003285822,-4.744532007321615,1.5981689358317563
9.16634180035296,3.8854504371347645,0.5767319524810575
-0.29274307304912056,0.2682802065392291,2.31677231458291
0.8623650080066918,3.6710977614948828,0.1447728658297815
13.569078705913125,2.419538566814291,-0.02069428023392983
13.214655388890703,-4.9357654630185435,2.2523594941674934
0.34414617628692024,1.2087680402204661,0.6844768010132465
19.993545074326683,3.7314723909179293,0.4147414814958315
13.843559037870104,2.2709995434228976,0.012125450710493868
4.1470839633340795,2.5161393413581203,-0.3169888501715505
5.40244414970047,-3.9453973297760703,-0.2659221789667178
8.948345357068536,-1.6980422747038193,-0.17721677100232425
2.9492356723491695,-0.7829010748859533,-0.12497306487295556
17.892620027759445,-0.6472972670183115,0.35322428884868606
8.669483852619358,2.0882775744423796,0.02986758363490899
10.245318338121992,-3.707769646580065,-0.3684147778330123
18.163044149651384,-0.5587566383803484,0.3825430810993318
15.681423654119861,-1.1112486997775584,0.15913058112677758
16.040343385824187,-1.1046358399254732,0.16246632762427637
4.013270194153939,-3.0380533308333133,-0.9261665188602346
18.770710208918963,0.8653025858102001,0.44327987986165873
0.5207619336944298,-1.1165240382195085,0.2573340516208045
4.297599840761004,-4.153429353907007,-0.06115129067288427
3.3284953046888734,-4.430095200004965,0.37165664351408434
12.580509378676105,-3.266261351625311,-0.5995532627456996
12.020987462992272,1.125067478912297,0.37193229136501993
13.950936070168703,0.12118650611431292,0.5066469187031512
5.330691801863364,3.774574539285279,0.2925991213875309
6.7379571753320295,-0.417056750212609,0.3346721051258995
12.453528350476201,0.16124298167449513,0.5055760966292129
19.10760114561394,4.547176774381221,1.9495305068091784
18.56007693749324,4.340763496652581,1.4257318592830037
11.409682779158267,-0.0979793626999701,0.47927279226036806
13.934394756338563,-2.84580407014532,-0.6198106776551078
4.95037680391833,-4.561927463669083,0.8762588286981404
2.838579622439635,-4.961254500611894,1.9099290244187503
12.919865318731711,-3.595930109643181,-0.4435403023114196
15.626926584309068,1.8050399588172503,0.15515987107646756
19.39885376376716,-1.0348551304810871,0.19592535920856213
18.388534225746582,-0.4629582768046685,0.41111315467927056
6.459826666642245,-3.9766113008294623,-0.16132654030653415
17.598059793973125,2.9479015856258686,-0.03742563043313768
6.120044018968742,-0.4425561507437106,0.2977042452009757
6.16544104917159,-4.711708834619053,1.3861463594872845
0.4092267706818973,-1.3129587411794108,0.2980661022778538
3.796622226640065,0.24514603210592334,0.18821082421592641
3.3495932308171876,-2.983784135335903,-1.0074050654076072
13.289691567011422,2.3560265676171586,-0.008354304708056648
5.900757965419151,3.599943994333726,0.15138195078044497
4.720103080442068,-1.5605962371844284,-0.2956876926571228
14.105848002576984,-4.554970986707904,1.0582374329123692
18.650760932381917,-4.2766226821237465,0.42826556942961486
8.949086708230233,2.246048259600892,-0.009446004644575845
0.4731049671883607,3.0900268563717734,0.14965129021138635
19.567313537883983,-0.3948832720437201,0.4294636884960763
1.9215345438951452,-4.1852300434452,-0.23916626073103414
1.523973941344273,2.6544137413647526,-0.5118957673138527
7.987263393604632,4.192341581990311,1.06211324493162
8.533115409772932,-4.228566898553919,0.30024412824248914
8.252179544119013,2.5482789342555643,-0.08082151018120864
16.501437750359297,-4.606483134708082,1.1980062307336101
3.197982520754843,-0.09986547976355986,0.08955573849605056
2.125752298007977,3.7109264194217335,-0.10556848714068776
18.65644821314605,-1.804030016461824,-0.20444629218648747
8.414295492316409,0.570540644200566,0.4535693738163056
5.3528687172135765,0.4107569745956141,0.3381252621621921
3.6242934322125677,-2.0335874872308715,-0.6706068947806865
8.556564480347387,1.0466990219114303,0.3629750802256233
10.491383034767985,-2.390120232660605,-0.504154347285708
4.251651446070133,-3.8126976329928897,-0.5245993248148526
15.56161953578954,-4.010992335336195,-0.013937939834320345
14.524142626676891,-2.512263043369003,-0.5374097202775034
5.3334181721185425,2.360834330107994,-0.17688441312121217
13.022226230293546,2.419215555155583,-0.02159699451377395
10.063302705284409,3.590958196652707,0.25787845444912605
1.9967747731971675,1.4519696140650513,-0.22311000397029468
1.9240084060174474,2.3728336814542814,-0.5076259837809026
6.85754555989828,1.7488210437111,0.09119081633081161
13.921420225546274,1.6060845764105833,0.22197848460372366
4.041938596720443,3.3179988638735374,-0.21097280733130644
4.422789792181083,0.18153297212112207,0.2581308149740995
13.330237960143702,-2.6639682521524346,-0.58483854468551
12.384490321170748,-2.131689520026714,-0.3797468900791793
3.0133387097299313,3.0974882852657704,-0.42549647385623207
10.839016786585889,-1.7211529339114398,-0.17124899610895206
11.501334417713569,-4.747136025727117,1.6036949541485979
2.1613685635867084,-1.0441914830175691,-0.3052160355885043
19.503009879020453,0.1047451787612319,0.5081234413684447
1.0673522038713519,2.6504061524945666,-0.3712497627779788
15.51959935396896,2.748021743948562,-0.05235710511599884
11.174709779983054,1.9569873786946266,0.09561926184201397
3.8758876943884424,2.325605908939883,-0.3129353346558189
16.231566740502686,2.599665402219192,-0.04440838313886869
6.745979253010684,0.9102805057570862,0.34468668163367316
12.394281828541695,4.008098536570838,0.7792763838545289
1.7142848531033366,3.3393377085040843,-0.3923255124326302
10.291928948615304,-1.413858794480627,-0.008936261722682415
8.839859480621923,-4.873645010692612,2.000099767854543
4.011508642794267,1.5276342006800494,-0.047493132697775414
13.047410234966204,-0.0530105971368684,0.4901539412724936
19.04318055224505,-0.19084911450528796,0.4734472289144728
5.93584502068604,3.4778083919564136,0.05428050816031371
4.812745137643871,1.043059930343495,0.18590490866560946
13.92008647260715,3.216962986917842,0.03453422337987272
15.600059378746352,-1.159076694862887,0.13594602979871584
0.7131962722361072,-4.617121345165573,1.135767416631176
14.39243795212342,4.616913814068509,2.1488853223848974
6.534890172561525,-0.588049019244858,0.27525728506804725
14.37885932270642,1.5783124585387984,0.23203347950771347
4.832185063924789,1.7158484579870246,-0.02644543439597352
5.750499601274868,-1.4364209343796155,-0.14678004213206947
10.560022757893435,2.323138239267305,-0.011299541125200319
2.599932337143279,-4.780127891070612,1.2509068473130236
12.370514066942949,-4.754353222141638,1.6294286817383528
0.4217464346814548,-2.7422442327786642,-0.3778487864535667
12.90447590274134,-4.334549023139712,0.5406140102523208
0.7793182363438182,4.720932443736167,2.3289757173513137
8.164384322501272,3.924289339928592,0.6135497647556609
3.9387478210316624,-0.6478682054538307,0.04600219920813728
6.839720259569678,-3.2306446396503086,-0.6882689875863566
6.240670307914291,4.8679581869604664,2.873183324489535
14.81983470079995,-1.173317208168415,0.12843256933501618
7.8903309051985975,-2.3625909884493366,-0.5299539198429171
10.392401911275913,2.3563691214194655,-0.019837736310876597
13.576255622887322,-0.3735016465868046,0.4319236545012735
0.3597504576812185,4.215078064992685,1.463521710957779
7.883142963469355,-1.0970113298806838,0.1156014231619894
-0.4362426529723227,-3.617727859180869,1.910347420126501
17.311495058763914,0.13934596181302972,0.5095824572584567
14.514914306564872,-3.5183211356664144,-0.4907111251760541
6.266045636432613,3.4013655653786383,0.021000010019111226
16.323499684137204,-2.5320573191375937,-0.5429845729365476
-0.049506179172018605,3.064669735456029,1.08221370689706
2.9613021033081437,2.876813921208954,-0.47279591691206413
13.515014212644695,-3.3168523968910577,-0.5827425708944906
1.1090171952332104,4.27649429922289,0.9410619882885578
11.756507144309568,1.2051017305651097,0.3477838660232296
8.878991958180102,-3.499290226777114,-0.5312119701250958
11.84038321540505,-2.475271199624963,-0.5297149555908924
16.0208404483596,2.327189548054161,0.0006268246772458408
0.05897729343299052,4.324230096450348,2.232087704950734
0.24447899069690138,-4.103806811692926,0.6126220543785404
5.501058498537029,-3.491909395298599,-0.6623192838941816
4.34097419979035,-1.4419051138844532,-0.27023605989868227
14.577744166821633,-0.952886392351556,0.23115114028281764
5.031714971871231,-0.07686846372330436,0.29562846182612385
7.548161620669591,-1.8923580251379302,-0.31201473444565614
17.961103986268252,0.5044845095960433,0.49998280603538775
19.535213974982728,2.7291240939343817,-0.05117334010033353
11.195235601201327,-2.37553410723136,-0.4940675502406531
13.580294953921193,-0.4408228103022829,0.414453057275993
14.288448158355944,-0.9622119108893843,0.22675133649683749
9.668103244517924,-4.793162325542443,1.7382941338989224
14.669149297561086,-4.657264556443693,1.340010688610881
13.454870409876612,0.8200369553796216,0.4496878959914661
15.406311035506597,-2.1022240076258436,-0.36095043217276634
13.565271710028261,-2.929020243689618,-0.6285860308543129
10.350076027835538,-1.5971962074881985,-0.1070897844575584
19.558318302818765,4.718665573793185,2.4677444615773423
3.783879577203881,0.6603823588582935,0.15523215879211869
6.253575060504587,4.685381870202809,2.2489713856430926
18.4527819378246,0.8614585305648959,0.44406497012357005
14.261731329724121,1.8132475670906958,0.1512998882307236
6.7437904650889005,4.1636156937516,0.9665876287135694
17.93879750473532,-1.6934153552192068,-0.14453709435473416
14.821595667389351,-4.909078733255514,2.1568118128589298
16.235361766448058,0.6486934539799964,0.4820232939404057
19.02228761139448,-1.3680692545182547,0.030704428669861228
12.3271180355191,-1.7699756849662132,-0.19149101103056215
15.547100318781993,1.007029967830003,0.409079165561023
19.74315597106313,-4.9898720690354645,2.4605246288687965
2.3855542142417767,-4.563986179091866,0.5996301842411224
2.0798809006631074,4.293852970698307,0.821869449030088
18.946470139870843,-0.19587465301856266,0.4725478570878408
18.90713258919332,3.1838761018839907,0.023882623701947214
15.461663549995253,2.472819508031961,-0.02818346203500549
3.346918995976777,0.48877261102780345,0.12186112366585825
8.189524227481318,4.49788047597888,1.7708276592012366
3.063587530369737,-3.301411564403254,-0.9994056812408516
13.006665949579306,-3.425982104265172,-0.540948191762382
1.7561002955131455,0.03923197330006545,0.012026110294327881
15.831549910010164,1.0504567164703262,0.3979737581300802
14.972456443384809,-2.342414683744478,-0.47187218228315075
5.341738077100514,-0.7129635826847549,0.15974502939133717
19.812381627447117,2.179182565245089,0.038632782645797226
18.898206124401916,0.37870455736408015,0.5092197796623454
10.868476957213634,4.90090335475384,3.097389870617063
3.394759651007056,2.825904371715813,-0.4232348503309166
15.726033392585801,3.4474162761813076,0.16170775757437922
14.87608053894712,-3.4466698181145294,-0.5286922032823933
13.053116458494317,4.237031845862264,1.1967244017347416
11.047345626167681,-1.3905848961971277,0.008277558849180355
18.965163046461104,0.6159865045867177,0.48723144446200767
7.938546087977583,1.1413349806127693,0.32394432568418047
15.98456284094479,-2.716979093863495,-0.5950887850318016
-0.17831311802894195,0.2909489707314217,1.9561822026802564
18.797827111554074,1.8025796260319211,0.1568690985724439
12.433614002665133,1.2781514748997322,0.3276975786746821
9.688289101365209,2.3091926973505466,-0.015520381941657557
4.608486020691356,3.91754263952968,0.41418788544911567
5.126689432527147,4.449450132107339,1.501263368870705
18.49318255565785,-4.220754759524721,0.3231009380109414
8.687683875508888,2.4403628493708247,-0.05611857024578093
8.717908465915443,0.08899024836415492,0.4731488538037929
16.039890722270215,2.0499216094927206,0.07556262545650899
19.139086565820335,-3.3551400571692125,-0.5664656686923353
18.432965366819584,4.279862525071728,1.290519482488262
12.512353242130697,4.403908272970673,1.5700243805442022
4.680054541401115,3.817872834036475,0.28856869469160723
15.3563255056839,1.096889997106941,0.38516951986700065
1.3578995152852822,-4.698656462690378,1.0352438452133899
-0.27512534237057035,-2.4944194255182364,1.216123488224534
15.128224403835224,-1.1337496760776689,0.1479649635349214
15.39665786568187,1.2564249093142479,0.3385934400527155
7.479868931997808,3.8014662878624215,0.43345522772138734
0.2875534068430128,-0.34687009792155976,0.8584229469640757
16.51197295755272,-3.7318651702690664,-0.3317807353484906
14.064995010988193,-1.7188415808971835,-0.16042113531633778
-0.0018237891726166633,-0.2627506911068913,1.4404850329333347
10.194701148379366,-4.584137493261544,1.121462358303775
11.101346747811505,-1.5256616204216056,-0.06358408692999662
-0.40788925124591185,-3.0922661932343463,1.597561820720978
1.771618781712836,0.4062195473240493,0.015262206177303592
0.3839633423679383,4.281325700980792,1.5670329619003542
16.823770434166637,4.452976437314561,1.697164453108177
5.953421172121886,4.052673885618942,0.7285431793017441
19.678404661660718,2.6473143425264656,-0.04767741550224003
5.139193578299462,1.7088930414715362,0.002694897778020122
11.711094651546588,-0.9579669783555662,0.22301448388430917
5.775006007295745,-4.4015180943226975,0.5491204999412042
2.0703407325074124,-3.6604384399488032,-0.8908714180770365
9.35830372541336,1.4189338472689483,0.26293705770816234
15.163403275111856,-4.532862400277782,1.002033289271604
16.387077388554566,-4.565287767090416,1.0869433367289227
10.87641001618925,2.441478498080107,-0.033386801966541535
12.440038121781674,4.496786756830019,1.806778162350576
6.5663162388131315,0.8588335523753923,0.3481293016088931
1.1973807860534855,0.5979658793229872,0.11172735354835206
16.17262542206392,-2.9839548617451928,-0.6286572036357627
4.849772257527204,2.0040564021969374,-0.12088747246821313
4.704580322189297,-2.4075452597859504,-0.7220458705559478
18.67806340275568,4.985430308431146,3.4403641892011274
2.6815678291900604,4.001623872580003,0.31625432753862215
10.830892962461649,-4.613988575894825,1.2074092899663467
11.502805662362299,1.4154965067075498,0.2803957482420693
0.19281182339324066,2.576919221586004,0.5369322764351632
16.264902900220793,-4.283567578130438,0.4412626831438155
12.792198771356666,-0.4345251909723382,0.41468889972901973
4.393786390509383,-0.41329618377515676,0.16836804094043797
2.7674890499217843,-1.6633409326770368,-0.5770358507376429
12.931749643869423,-0.23514443848126643,0.46124396300617193
10.896361940889603,0.4344279380453031,0.49449329761732075
16.322181922288603,-1.5661720184638739,-0.07577175186724933
16.165722861027223,-4.2001291286959255,0.28542556368537425
8.268527440388409,-1.4767988346312801,-0.06937340902660594
8.757403093457604,3.335098205362666,0.06004476637806594
10.004187710002997,4.872466462948367,2.984531225297027
17.15994476563969,-3.8115325468697794,-0.2545429460233669
5.996276479014188,-4.772744984731133,1.5671569245564854
14.54194513756445,-4.807991956331622,1.806584773019121
17.661739553908244,-3.0665713515773785,-0.6266353449751245
7.983643950749602,-4.37960693993852,0.5918211461944904
5.880725188804504,-1.1048501050716721,0.029923431926082655
0.5707349576741421,2.675506531778632,-0.004836281163031919
14.082669250274511,-1.4211637587547643,0.0005173528130920646
16.621447339658456,-4.225781976563773,0.3318764090959778
0.6071312206572796,-1.45019705562727,-0.005952170293874626
17.987747309452097,2.564677019106462,-0.04021056463593825
13.282512410355572,0.6273573524573441,0.4823370098312694
15.977193544056838,-0.8777330681185225,0.26434418842504964
0.12911588550690922,3.024042864453003,0.6756513229055672
3.405115402939508,-1.123411501639132,-0.21828592382501408
6.830991618143447,-3.766343740657966,-0.38434893453004215
6.691079563926242,-3.229131221490852,-0.6948377718897687
12.128283516740238,1.5343435776978147,0.24280061857860374
-0.22024566592673356,-0.43524147639008337,1.9890848509326056
10.858079457977682,3.7166299443578357,0.38684027138069893
9.668641859806462,-4.195495630951477,0.25667373810769134
0.5603395214682836,3.6210908295164366,0.3583849238375254
15.709952891365699,3.5844793115161124,0.2687008433617306
4.875974685473968,1.479973607947307,0.05827859991823747
1.4622199695579512,3.2657311171362124,-0.3939306179770711
6.3390651967396385,4.551472373193942,1.8540429821268356
9.163342593960467,-4.669323030540955,1.3493389273689322
18.135645490812074,1.255321488137767,0.3398512845618499
5.385166363243214,-4.631961062496416,1.1025206351042984
7.222071132977803,-3.431394402353912,-0.6051362802172187
10.739746382590566,-3.5311632483781685,-0.4937662864586145
3.0795927157713,4.20869485728258,0.7302992131690869
12.622460707550191,-2.5741858822737917,-0.5607134836335427
17.51737375296563,1.2471582985125842,0.3422395123516141
18.884786471641704,-0.17083205591292394,0.4768747858450921
17.701967096549826,1.7844380734938605,0.16288169258776491
0.4054553966352661,-2.5970950994140085,-0.3192014873009298
5.2723163011347225,-3.2998331661355076,-0.7607131345520496
4.382832487804326,-2.739598515359958,-0.8567138196059418
17.506046858618628,-0.37101206456970903,0.4351668232659761
17.468492542135014,-3.620021165422347,-0.42259846365460085
11.080828974400221,-4.8653232185437645,1.9925867080867767
18.571178901678735,-4.9436288560226505,2.2849419054035542
7.49310679531526,3.015859586891702,-0.08686931731551684
19.99757196420443,-4.804902596386813,1.7981325163122746
16.39375241941311,0.10087959495908017,0.507305222550488
0.2827314210512364,2.771192709025531,0.37362805850874514
1.793999457705957,1.1147418728243332,-0.1126403441337306
15.455666930523646,1.735909267280185,0.17868390214738433
7.287423656492754,-4.7355836317883995,1.5076940862455621
8.443411340153949,4.136944836857255,0.9665368282266482
6.3249289920904275,-2.5204128084676913,-0.6467132972779379
2.3255320933651067,0.10252455001047522,0.019433049778343463
10.433639591246454,-4.2695175759645085,0.40011661532766046
7.859048963377122,1.586814548864428,0.17917261953321373
19.304039046014946,-0.6845887828093531,0.34026972976070374
8.438724406329774,-0.2886602743149336,0.4153710105249394
4.113186570144558,-1.051623579855657,-0.09888026363723626
12.727926882835122,-1.0294079094813746,0.1939268078444541
11.41820284288274,3.355822879997545,0.09616993540658447
19.95833524804892,3.850396836294676,0.5573677807502306
7.121830851718569,-4.782728656825924,1.6514863754612716
12.03789428980419,-0.2544929178989257,0.45505808765745287
4.358850796995893,-4.596959008949507,0.9124601010379846
6.092189898940377,2.9807131283563093,-0.1525019042414612
19.26443964120071,-3.9333986092752227,-0.11538901702751292
17.491607941519717,-4.512823287829218,0.9522496710630689
14.126254286950845,-4.732042866368275,1.5629687763944966
8.131518486779557,3.702308384812625,0.3378925008064519
7.558717026379782,4.245643176497426,1.158333401623144
14.120500392795133,1.041842807977467,0.39890396703271996
2.8082704840375494,-1.5950421635539036,-0.5354029194077424
7.927471367714485,0.9020486413249538,0.3851185522667477
19.9187822842905,-2.1629025219506848,-0.389427484200061
9.823039262045702,4.334479076287334,1.391832318250648
6.581126272121172,1.286047872723735,0.2345585683708275
15.205696543230903,1.3026972501514313,0.3240686487748977
14.945328936763534,-3.043069997643034,-0.628873592314128
19.125422580402066,-3.2310219315099364,-0.6033952147664983
11.465464108852737,-2.0395739093338348,-0.33703999026505116
12.505672017857295,-2.0888958460513454,-0.3583256171065506
8.339873814698077,1.8222254820575507,0.109306518887619
5.01590938635788,2.2787588244806827,-0.18395930918789782
6.610992291944736,-3.678439027793785,-0.47173748239729213
12.069138696922032,-3.342419711409076,-0.5773824812331783
8.326837650107382,-1.0160258812070397,0.16333652245066993
1.061461371621795,2.1076983740207265,-0.26159443711829977
13.45688308473984,2.7779500503411816,-0.054226876248595735
10.67071938803273,0.5391677572057212,0.4837790981428646
2.9692765596199635,-2.925361010099088,-1.0515064065671327
4.179114554891819,0.2530352872279362,0.23275280689891056
16.28914294099333,-1.4302588328824752,-0.0027270417830295157
17.578375755091663,2.358782685401996,-0.005829095583601174
14.187166435726862,-1.64827870695348,-0.12187366140178368
1.9287885870971961,4.627904811064049,1.6844600084517218
17.019518030292375,-0.9113200922742042,0.25049641450623916
17.195972899841177,3.992171150320745,0.7592499707437443
6.520709278982227,0.015614924470503944,0.4026398949996482
6.301691725322558,1.9515751409963134,-0.002115080487822052
18.199429927102095,4.8454410388916145,2.903346961126836
14.747471033687265,-1.947576460649337,-0.28242567045993017
17.550112446799055,4.926196290445818,3.205603849426541
6.6037863567503825,4.4871235244924765,1.6914641331570563
9.986701311739157,4.646354422725825,2.221462384191237
19.915047797032603,3.129420958288966,0.005057180849654508
13.510459508381695,-3.459855307068959,-0.5237236346064438
-0.39919569371948516,0.9547085042336096,2.611521450830906
13.941428062402599,4.3553804517901025,1.4571509188259326
10.100957953853051,1.9684660270275387,0.08478683601811643
12.770797415155537,-2.9507987502376833,-0.6313082845962498
12.708151901991643,4.817212113250202,2.7978579341425434
1.779291610918381,1.885432431989881,-0.363977525053748
12.093254908599436,-1.2414527620839322,0.08970717753842966
15.763628953981637,-4.895141414150707,2.107343020262348
17.794438253524998,3.1736395301270015,0.019933947878929825
9.354449045108632,-3.9186084511895034,-0.1584388057024308
8.778885391104502,0.8425289911538698,0.41516991302270373
4.7046113100954665,-0.13468535154404293,0.25771231463100336
15.402439659004443,4.227317956018975,1.1795956307192172
11.013723066511997,3.272417850395824,0.05064574418389228
1.0976308658768201,3.563680463134652,-0.08562346319075806
18.376698592020627,-3.3199862371547884,-0.5788427338546027
16.46349091593799,3.4956617032598807,0.19675139736140834
17.51250680067814,0.17139519817392213,0.5108466469167848
11.969211999649543,-2.9191675455730093,-0.6316440944071102
14.016696762406943,-0.9498269659185734,0.2318948827618455
-0.06603374300536335,-3.6573288649574485,0.7432799041886867
7.4584696480063135,3.851798060608111,0.49617773864375553
11.08131701201114,4.162570340562471,1.042944926235694
18.554418809324847,-4.132050078805002,0.16996447665632292
11.558415981429512,-1.6547196184772597,-0.13149261082509628
9.889300006665556,-0.44475197500690644,0.3972628327096623
9.338837088719457,-3.9819419183811666,-0.07763276035589634
16.579781717835026,-0.09720038244186391,0.48770928035323236
12.72224490403281,-0.2732124726990648,0.45313199624982675
3.210876719730332,0.4100058499218662,0.11085161356505766
2.770564650746427,3.5217925614758343,-0.23128830854888627
16.54788252558197,-3.5636122184305687,-0.4616443517955062
0.911301037144367,-4.315080830595502,0.2666422186525807
7.56150250960488,4.530414373426318,1.843177395542682
10.900878529183185,-2.344734260269111,-0.48292762544384815
4.207800956045665,-3.8912680524070797,-0.4427744015090006
2.391959815241309,3.11863266633069,-0.4823632933288488
2.341986026599739,3.6406155717900752,-0.16635499404412796
16.371460520801605,-3.631911979131779,-0.4141435637380182
10.953857783744562,-4.929447320620451,2.221421197387113
17.171740753868523,0.5827712043961419,0.4912293405934773
14.98447808500615,-0.0965467308374155,0.48696811043028965
13.65365098561654,4.312391241860542,1.3590075484353124
10.970689107621096,3.747054769100579,0.42101266348454275
6.532431568115984,-4.0246745433107805,-0.09189065803738755
-0.39453482661675177,-2.733497210015279,1.5727113084020556
16.691030157185224,-1.885045373852786,-0.2483095393310567
4.1046310267144985,-0.04369576611629622,0.2070655223518754
18.911534511115885,0.08978448260699956,0.5071543296698218
6.487869082980995,-4.224982089939294,0.23066180557583843
11.260172133572476,-2.737430204528144,-0.6083193498066781
7.0337321181090795,-1.1883763327649435,0.04519277782113951
15.042778912799609,-2.683711552031135,-0.5878244006764503
18.685790628834724,2.4238806796255465,-0.018674140644032
9.362950586006791,3.804744912800885,0.4750731361274177
6.8629435956434985,-1.156601264147723,0.05422521860229618
2.1520671847360164,2.7855609446361527,-0.5481435406263379
7.724449383308805,0.0025302818902197544,0.4447428264917926
9.154857640618635,1.5618181757107719,0.21217049090681317
7.165737837249556,4.158613261487421,0.9733618758316908
8.354406309775582,-1.4078602215126477,-0.030889458688376337
7.718000130579929,2.6629572148896354,-0.1042099918944161
19.857660094675882,3.665146463013338,0.34516455686406655
9.334413718609335,-2.0864065646657703,-0.3770875562296143
8.642734614479958,-1.559844469064359,-0.107018535317712
4.49240707038415,-3.130590846415504,-0.8667972452057542
19.095452557734845,-0.006948096402220827,0.49910156832642566
1.7544849102397189,-1.1609338987387083,-0.35531964523307763
7.468696803068952,0.13534526987193285,0.44704694149324475
19.590847154580725,4.7663349657404765,2.6261547667109153
11.100829269619538,1.1809152529131905,0.3520099202958706
13.350396034757855,0.022221826851781756,0.49869931639686294
9.47690019212259,-1.8547606082321586,-0.2549968834064779
13.520395659160956,-4.081047216671253,0.0864073448308661
6.0014775476046065,3.9097855947761335,0.5116997236895107
4.161252094996775,4.675823780249894,2.0491855380742967
19.67547930029711,0.7538266309623616,0.46546156459646315
0.3289375963308512,-4.065218026678067,0.41845037469307567
3.606183572644845,-1.7318843172064735,-0.5127305248870004
1.8187183380639258,2.9721077307051837,-0.528620769608937
6.965168685312434,-2.662663016253277,-0.6610810642131846
0.39572434250931865,-1.1732814062701946,0.38691775683893076
-0.4076120245609419,-3.835085494704127,1.9917015881290276
11.895232956264287,4.349454113281105,1.438895762017737
3.587001399487775,2.4106120665438793,-0.36591898866429323
3.552963181430135,-4.985048061592826,2.0878326110933294
17.879029946316948,3.4610873770120687,0.17192072384089202
0.8689636774890264,-3.2286471183613052,-0.8146658260937203
4.303169024381556,4.283213646369056,1.0318458859588355
7.329546460740569,3.073817566064733,-0.07822431678884717
8.434177423321634,-1.1875533330391521,0.08378617392216081
15.18963512289901,1.1576099659902548,0.36793148495233424
5.021012731532242,0.8281059821746304,0.2548796534660756
13.928983424105162,3.270780916312745,0.05827993091367517
13.38217112276853,1.407470713136978,0.2882731686324086
11.715998020761697,-4.07949050875617,0.07943748367902076
18.876375720774888,2.148419104776332,0.047141314896022135
5.09385815258846,1.9235069410426329,-0.07359324863396832
12.226757439436652,1.5885144573378787,0.22458743019865263
7.267633905599416,0.7317585480117241,0.4002965161747933
13.030558228869044,-2.9834393098077063,-0.6318282477509072
9.91424936993113,-3.79658344689025,-0.2882261552543208
1.6633752115747296,4.1106057520665935,0.47458083684871893
2.0532181034567647,3.9326697176464265,0.17075894858036778
9.130883590600336,-0.4509738424588221,0.3868390021975935
6.466214050666063,-0.837822835562049,0.18029156593912207
7.23326380633021,0.6498294700264786,0.41228666407208353
6.379663041322156,3.21975863451304,-0.06740621700428939
4.288015878222396,-2.515298772525143,-0.8043516057169873
9.351306705862367,4.350812838247558,1.4240993547423864
-0.009728680078154639,2.234136155845775,1.0232150115769025
-0.3768649524039909,-0.9513978690970637,2.337268707308051
15.166248618758104,-0.5392087829125298,0.38756173608441263
8.304523042900257,-2.4678317101871974,-0.5615776969637079
9.239460582959234,-2.717405003241533,-0.6206966851590636
5.3121864414180155,1.5329356108744001,0.07691407551084595
11.788664650941953,4.295455153942724,1.317141673076522
19.361816168184475,0.22380193207408539,0.5122230547123043
1.2949085075105655,-2.000969057323826,-0.7191687575151485
10.11500035921872,1.7316289337542603,0.16420727463383228
18.89704361341474,-3.4489256633213996,-0.526206918133754
0.25203638789077987,3.7003568278093617,0.8563824303551113
16.00586954718291,2.6574827656176367,-0.04910494066297627
9.10631573946123,1.777807041081183,0.1373095572400611
7.93511910863252,-3.0794834220773657,-0.6755210668506201
7.513322185473401,2.8704659602126084,-0.10766835243762851
15.93804025150341,4.611344660741372,2.133441727014942
17.69717606586755,1.820845367745056,0.15050746036476492
10.178696467330193,2.2392702347078544,0.006173129872605321
3.2556735809431485,4.230845312981147,0.7967132747732191
14.107819776624012,0.9448555546026194,0.4231533227338832
8.39785520448567,1.3354158914636605,0.27506452067139975
12.162413922068543,3.9885412650706726,0.7479184707428355
11.200094372336055,-2.8662284763109858,-0.6297897478255121
8.548276902545934,-2.570314892548474,-0.5917153284194245
18.051478459547116,3.435258143967946,0.1541620180573257
10.894291847851568,-3.0360843240831503,-0.639197581281793
0.3926112672420381,-3.6583054629825265,-0.1320459796422575
8.58599525630629,1.7420407839099115,0.141323586085063
4.091961142026185,1.845203497190341,-0.14694957543650952
17.169962371110042,2.572410815635461,-0.04126279535906513
8.223313241857577,1.4572790737498984,0.23157894933362397
19.76153237649087,3.8541160287726566,0.5622012884842247
6.43206488427005,1.8544705355276312,0.03646462294328867
2.8458312685719402,0.5736847105054466,0.05231174800459837
6.808946279502441,-0.6185368157313942,0.27715040042393013
8.497426504608198,1.6323293982093823,0.177457286987159
16.842918148882006,-0.31428157781636656,0.4483362366278509
2.5049881562990732,2.5415427322161763,-0.5121457727899719
14.908681718210048,4.538452397018828,1.9238716408425367
7.578148141425599,-0.3612099060599405,0.37840043449841315
10.582212703715335,3.921233964553201,0.6403966550546771
13.936438616032628,-4.787218763966997,1.7377515007410032
3.7501150950428057,3.5389484772337294,-0.09864357644076441
11.502213255890009,3.739084660315621,0.41469068496436595
7.93368231942728,-2.895321128265671,-0.6729772526378839
-0.4151150979540542,4.960509588477288,5.590795000268977
2.295821431146658,1.4296876569411756,-0.20624501965616948
9.539032659135414,-1.198506091243413,0.09482828152661282
10.512644077494205,-4.217164396878599,0.3027654140630935
19.38570114951481,-0.07263058779486009,0.4915144677007711
-0.18656490608223864,-0.8065656857927559,1.762545555364947
15.022639057638019,-1.879163303694634,-0.24601556788437534
14.772959381165471,2.6736271983753603,-0.050801221175486744
4.401974738271745,4.679724862095583,2.087607960654624
0.07171936371816245,3.636054840560119,1.1332365150463506
10.00930699358876,-3.466205115187776,-0.5353995337336587
4.797055387935061,0.9351729189718458,0.21132002956339108
5.208371859041164,3.384210763946543,-0.058975186515715206
4.000334537369803,-1.159387026281756,-0.1632654786529893
9.889669943688116,-1.6022703626523538,-0.11375769035962985
16.394927465168685,-2.3611779558964727,-0.4789091775867831
1.3240320526227065,-3.4521481159674994,-0.9435585948412388
12.352381832716576,0.6356265012204609,0.47908370990555904
0.7976155994980245,4.9304916357483,3.062394651384248
9.328532970781147,-1.8056279878667434,-0.23036189529432138
14.447829230721128,-4.757081410542282,1.6416546044126452
8.402107469340255,1.6441383909952503,0.1715722870893372
19.22379261060344,2.6163777814612432,-0.045311287526091315
17.645763796851067,-3.810940928347489,-0.25504390784109693
8.310297415267996,-4.682095748981794,1.3725628376985668
5.075881055857261,-1.1570313486881911,-0.053689931779284106
6.548332154589942,-1.2625920313464842,-0.012181841795809167
15.963140096975376,-3.104563672463998,-0.624282368449993
16.40216000829059,0.4192108705345978,0.5063986395226343
6.444275133800024,0.5223576734925617,0.39605328531057027
2.80917831223273,-0.04545250389710276,0.05040259974156161
-0.04995741276672189,3.6297507776214157,1.407702154200787
6.297411213235533,-1.5595705065302878,-0.18125157591558289
19.900615945727488,1.1345573187798506,0.3757652146638762
8.06190073552568,2.9065672127778743,-0.08962322289960056
0.8871264953630267,0.705042042150394,0.251152028451702
10.174369719171397,3.612281680032071,0.27805179653917866
11.5171070220274,-0.14727584759450796,0.4723988084397909
10.16463010931798,2.8189730810665807,-0.06636745713617603
6.62007631350104,0.5778941390170358,0.39800400915993883
14.001500591246694,4.955554543226288,3.318439414882435
13.720526006809816,4.618711712222828,2.1534307537827493
7.680169557249597,1.0878099276410147,0.3322039330769445
14.778544574969848,-1.515840503725292,-0.0494595066986091
5.018086245473912,4.728331110968115,2.3028231243405486
6.6449464445093,4.999026771431975,3.4027854667871944
16.971555185439076,-2.8393188516996846,-0.6169408575053902
16.47849405878463,4.836271265779761,2.8698411940261614
5.174814596790875,1.6445441377301204,0.027768733404911816
15.276579070906038,-4.167180012145115,0.22757666752522776
16.2963019998794,-1.9163926786014618,-0.26508501242332677
13.980826821415077,4.501382211094212,1.8219489388087264
0.21973493869354643,1.1171288053780888,0.911068678336229
5.494294870411203,-3.8534121091304296,-0.368346512200925
14.093023453978915,4.790465623245286,2.7066084444929097
10.010565268775741,-1.5365579079786027,-0.07701857213859936
8.706336694379326,-0.8538211507552029,0.2408314478733646
10.403989147733318,-0.9082416353592162,0.23750712892501186
1.1476355244830012,4.79427735976566,2.3633768722783475
19.932499197458306,-3.25865445311614,-0.5966445397216009
4.441319308285753,-0.6304370855069745,0.10784920077099275
13.824025209084244,-4.686550645313764,1.4247699075165168
16.62769978991545,1.3843337331459562,0.29856151353620897
5.020518023979376,3.7086721491694217,0.19370502119720567
13.054788868269535,-1.8307571874776771,-0.22257407257819256
10.73084288385944,4.792375585990726,2.7029582425705554
0.4928758223145948,2.0846201664814874,0.19826024765973138
16.912979008336134,1.9231684890840262,0.11617759294286578
2.3703774647505798,0.9714960348671484,-0.06663271779753628
15.612082537014697,-0.8140408783498376,0.29022640770954017
11.439779703479388,-2.465320456713177,-0.5276928914145931
5.91134528939279,3.0857014307971937,-0.13928329607299178
9.53471182087346,-0.5118826249043362,0.3743848629076306
2.019118660576004,-1.2552910171795082,-0.41083888704716126
10.174781646961916,-2.6898766527915488,-0.6044985989131458
16.062679017223843,-1.162992937072569,0.13425961677067494
4.389040743280748,-1.917025067029785,-0.5216237049192535
16.401502421078646,4.041434759548311,0.8380378197639209
19.186105895580464,-4.848059200233491,1.9433476655196582
14.95482967737736,0.2548403601277336,0.5110093276792913
2.053481577414119,-2.5346642360215554,-1.0427289430541473
5.274662025312318,-0.9578331238400608,0.055244639538213014
9.14978608337324,4.367888564384515,1.461320134596089
0.6962786679473632,2.0916930501846522,-0.013780217198040512
17.009174944809057,-1.427000820453228,-0.0007570077355489313
4.608952567715814,-2.786915093740144,-0.8426834105271064
5.667203122167489,-3.5470200936287446,-0.6185503935330381
10.80939873047149,-2.496004958140148,-0.5419928709546658
0.058656478044507354,-2.6736656677581405,0.2604825199974963
16.3229581623993,-0.826297780480445,0.28563507854853165
17.61249322039796,4.436156314376301,1.6546965025531413
4.488640733393312,0.5997245109692386,0.24296560008085247
17.561871648445834,0.8142033726877296,0.45369104547123307
2.9440058713572816,-2.5204675254214393,-0.9675264745011882
19.746309011175978,-2.0061313510982104,-0.31130053692663223
17.28791113598353,2.950123377807312,-0.03715794684608492
14.7106864074708,2.2194225684462543,0.02620540703472779
15.694628205515286,3.474076852186398,0.18049390239624452
0.7785119484874656,-3.3219017549592103,-0.7236187869260055
9.863351154714977,-2.8751047413939412,-0.6402082629581067
10.430969463927298,-0.06817660458118713,0.47759683104355977
2.0988147038519287,-4.140388478874495,-0.3149262618974064
-0.26111766746629905,3.2503613005434957,1.750974710363602
1.1757042014317318,4.615653287386671,1.7772492432205347
19.66855301694656,2.456964432885293,-0.024486816704048064
8.732857255779422,-2.2421153646196643,-0.46028635309551313
7.955274648562895,-1.5470673395814503,-0.11426576191380083
7.624050362365029,2.2619578299399574,-0.04123593362549133
17.796787255421737,-3.4228497306979078,-0.5386884673297625
4.474746865673199,-2.901030938476051,-0.8714076158791273
0.42959279651139615,3.5420057962581666,0.4452558370105539
9.981148638477231,-4.329652213072595,0.5164388839490448
8.64823285195422,-0.49389208032640397,0.3671827713609812
15.44809709778691,2.6139744864033974,-0.04611987755682895
2.2570242829349216,1.2687561571699195,-0.15670575061624678
9.948569014129562,-4.865082234265979,1.9837436046099046
2.528584500399323,1.6684842376395643,-0.26995211520330226
7.024029027735532,4.636853955488903,2.1330007098157595
9.78588242571037,1.8828316966822847,0.10990360631024626
2.239161614040219,-0.20551541396130446,-0.022625939118954778
14.549490158799408,3.334816757993984,0.09152005803721303
3.5919522939292525,-1.0309327885972586,-0.15147936562226283
9.207303685539243,-0.5962760642675926,0.34392676675061007
9.246554246424013,-2.0409977482584996,-0.3553390142956836
16.078775229827563,4.1307794549970005,0.9934243007310773
6.654514934792134,1.378600716821179,0.20829302352498275
7.304471325987336,0.7875199169867475,0.3913212851243085
13.758548366682277,0.015162773274203012,0.49867739259567356
13.32893243957335,2.5714574429921653,-0.044108965061195105
16.78756052868395,-3.1119011021164122,-0.6232490341737866
3.93589039099011,0.14371351654905862,0.2025308410505856
9.94796888809978,3.0772549359026673,-0.028739092586059056
10.106359135434351,4.000524694601582,0.7556088225458781
15.440858134486382,0.06315811248085534,0.5043129193579641
16.43968549574244,-0.24144039175892562,0.46350639614939126
6.505160758711181,-0.6657656057438857,0.24753055382116831
8.852264252158445,1.5053195153716832,0.22696701717190207
0.5692204474201934,2.2950867708268907,0.05496837258080833
19.34877189076195,-0.41182430897844213,0.42507199046224703
0.9098320221506855,-2.9874361606546005,-0.8652456862166126
1.615887806128617,-2.4364633873851993,-0.9856169496160516
15.775095662751365,-4.989505646715983,2.4582280628982764
17.408376313298547,4.39547150551736,1.5542898791442616
3.2925632236312854,-3.26413565075291,-0.9817960852873352
19.298140738579644,-1.3961984508188232,0.015931383839933755
16.141414247358757,-4.909893224053118,2.160550279963811
19.81122736976779,-4.835097937237399,1.8991873254166376
11.95519720604801,4.284503546914316,1.2939298308391831
16.540847609475883,-1.8959744302695736,-0.2541727662953658
16.35264846191414,-1.0695236307971578,0.17920885638212347
9.746031549840781,-1.367219995093337,0.010771529470592622
6.771720381827174,0.8207522654485881,0.36501687010501704
15.532393696639616,1.9949112850974347,0.09245889584056255
15.245598096623329,-4.857267320612465,1.9739170183682886
10.399714567416371,-1.4721139715337195,-0.03916367204028165
